Email,Name,Password,RefreshToken,AccessToken,ExpiresIn,Error
70chn0sann@havenhaus.in,Theodore Davis,TestPass3217#,,,,"No Allow. Body: Privacy
|
Site terms
|
Cookie preferences
© 2026, Amazon Web Services, Inc. or its affiliates. All rights reserved."
6qdu0ezh92@havenhaus.in,Jack Smith,TestPass3496#,,,,"No Allow. Body: Privacy
|
Site terms
|
Cookie preferences
© 2026, Amazon Web Services, Inc. or its affiliates. All rights reserved."
g7npgkvdx4@havenhaus.in,Jackson Gonzalez,TestPass8493%,,,,"No Allow. Body: Privacy
|
Site terms
|
Cookie preferences
© 2026, Amazon Web Services, Inc. or its affiliates. All rights reserved."
r7cv5jqb7g@havenhaus.in,James Gonzalez,TestPass2800!,,,,"No Allow. Body: Enter your name
Email
d8o77a4gde@havenhaus.in
Change
Name
Continue
Privacy
|
Site terms
|
Cookie preferences
© 2026, Amazon Web Services, Inc. or its affiliates. All rights reserved."
wokqm8f2ry@havenhaus.in,Shaurya Iyer,TestPass1750!,,,,"No Allow. Body: Enter your name
Email
swq3b6pxkk@havenhaus.in
Change
Name
Continue
Privacy
|
Site terms
|
Cookie preferences
© 2026, Amazon Web Services, Inc. or its affiliates. All rights reserved."
7jxk8qs15t@havenhaus.in,Arjun Miller,TestPass7510@,,,,"No Allow. Body: Enter your name
Email
kzo7od6ckf@havenhaus.in
Change
Name
Continue
Privacy
|
Site terms
|
Cookie preferences
© 2026, Amazon Web Services, Inc. or its affiliates. All rights reserved."
ae3b18o731@havenhaus.in,Aditya Kumar,TestPass7111@,,,,"No Allow. Body: Enter your name
Email
2w7vyzxapg@havenhaus.in
Change
Name
Continue
Privacy
|
Site terms
|
Cookie preferences
© 2026, Amazon Web Services, Inc. or its affiliates. All rights reserved."
daa68wx55q@havenhaus.in,Krishna Rao,TestPass7896@,,,,"No Allow. Body: Enter your name
Email
pod5lhhwg5@havenhaus.in
Change
Name
Continue
Privacy
|
Site terms
|
Cookie preferences
© 2026, Amazon Web Services, Inc. or its affiliates. All rights reserved."
rnsqlxtwgy@havenhaus.in,Liam Mehta,TestPass4018#,,,,"No Allow. Body: Verify your email

We just sent a verification code to your email. It may take up to 5 minutes for the code to arrive.

Email
15rxs39edj@havenhaus.in
Change
Verification code
Resend code 59s

Code exp"
k3bpzqzjdf@havenhaus.in,Aarav Iyer,TestPass4267!,,,,"No Allow. Body: Enter your name
Email
5oirhlj3tr@havenhaus.in
Change
Name
Continue
Privacy
|
Site terms
|
Cookie preferences
© 2026, Amazon Web Services, Inc. or its affiliates. All rights reserved."
