name,email,password,panel_added,timestamp
Ross Espinoza,ax3p0kzyk6@havenhaus.in,mGH96%cOJX#dZPM+o&,NO,2026-08-13 06:53:15
Doris Williams,3b6q9gvgrt@havenhaus.in,T-0-lTu^E@co*_cem,NO,2026-08-13 06:54:09
name,email,password,panel_added,timestamp
Ross Espinoza,ax3p0kzyk6@havenhaus.in,mGH96%cOJX#dZPM+o&,NO,2026-08-13 06:55:12
name,email,password,panel_added,timestamp
Ross Espinoza,ax3p0kzyk6@havenhaus.in,mGH96%cOJX#dZPM+o&,NO,2026-08-13 06:58:19
Doris Williams,3b6q9gvgrt@havenhaus.in,T-0-lTu^E@co*_cem,NO,2026-08-13 06:59:14
name,email,password,panel_added,timestamp
Ross Espinoza,ax3p0kzyk6@havenhaus.in,mGH96%cOJX#dZPM+o&,NO,2026-08-13 07:01:07
Doris Williams,3b6q9gvgrt@havenhaus.in,T-0-lTu^E@co*_cem,NO,2026-08-13 07:02:59
Glenn Palmer,glenn64palmer@havenhaus.in,!y8hy3l#qxf%74zF,NO,2026-08-13 07:04:09
Cynthia Fox,wcb53bjea2@havenhaus.in,8-7_HcLkzJsDf6,NO,2026-08-13 07:06:06
Elizabeth Smith,o8rep9h8uk@havenhaus.in,%8jRMF01yLdBYOHW,NO,2026-08-13 07:08:07
Eric Koch Jr.,cgg0r7pfis@havenhaus.in,cmycH^Nf*Wethj@dd0v,NO,2026-08-13 07:10:23
Brian Warner,d2yrlsw96i@havenhaus.in,m1k3kEe+DGYanyk3@,NO,2026-08-13 07:11:53
Rhonda Jacobs,buco0ftwsn@havenhaus.in,aXE8UwYAC?OMA%sm8Z,NO,2026-08-13 07:14:06
Lisa Graham,5b717roxmg@havenhaus.in,fQMda78$QGSzRNXor8Z,NO,2026-08-13 07:16:25
Christopher Gutierrez,g13ue7snry@havenhaus.in,1iBwyH6?R=?I8C,NO,2026-08-13 07:18:48
Victoria Davidson,tq5h1bobc7@havenhaus.in,p_%s9@V#$L+_P4u,NO,2026-08-13 07:21:22
Erica Allen,34annrs3pc@havenhaus.in,jV2rS$v%5RQ11N3H*,NO,2026-08-13 07:23:51
Michelle Sullivan,puizvy7pbk@havenhaus.in,3SsRDrnn!O0kIvCI!8Z!,NO,2026-08-13 07:25:27
Katie Pugh,ipgxiccrw0@havenhaus.in,M+V40kfi+*it)uPr9yW,NO,2026-08-13 07:28:00
Henry Rodriguez,ht9ja00wfd@havenhaus.in,C-qcsd=pFXs6J?DiZz,NO,2026-08-13 07:30:40
Jessica Barrett,vhfvl3ka59@havenhaus.in,A!KmgF4QCj41J%#W,NO,2026-08-13 07:33:26
Robert Smith,m7rbu7ntqm@havenhaus.in,!sd9DQE(GHqwt9,NO,2026-08-13 07:36:22
Marco Ingram,vxk3w456dl@havenhaus.in,kLOD8=mxpe5c-%hS_EM,NO,2026-08-13 07:39:15
Sarah Powell,powell707@havenhaus.in,pI6z7GxxO1iMoQ27#=,NO,2026-08-13 07:41:23
